Id,y
10000,-66.0024234902314
10001,451.4065044011550
10002,-461.6764170602992
10003,40.5012087537231
10004,-126.7447224540369
10005,-342.5345518192510
10006,-396.5555421135892
10007,335.5412790790874
10008,-99.5124208706235
10009,304.8125398062759
10010,68.8945304897854
10011,412.3691954559071
10012,54.9423710247680
10013,-17.0055507547798
10014,-597.8499575722611
10015,443.5022887864149
10016,144.7744869780435
10017,-57.4111636725365
10018,134.3878275774605
10019,-108.9837759891087
10020,153.8248284250670
10021,611.7359836022023
10022,588.3896503384219
10023,-131.0167999580198
10024,-61.1356211412295
10025,-374.2484953169727
10026,74.1579930796541
10027,137.4383787361044
10028,420.0866117967905
10029,196.7656257134427
10030,268.4428498005316
10031,638.4749102511089
10032,127.3787313869197
10033,1.3491187584000
10034,22.7104531774080
10035,342.2395345225647
10036,307.7039669741719
10037,348.1382087009398
10038,-168.6528613073543
10039,-20.2211309046172
10040,-551.7499275731114
10041,-429.9718040667402
10042,261.8919587067440
10043,389.8204261292213
10044,-96.1656222735655
10045,-210.7108012563241
10046,278.8818687840112
10047,-427.4533010310491
10048,-172.9032529175672
10049,467.2643783557858
10050,-631.5587355874388
10051,-355.5316593381785
10052,143.1732755386038
10053,69.1992025989421
10054,275.5882739767254
10055,-263.1886122041024
10056,167.4983072324125
10057,104.5778958901426
10058,230.0700866100755
10059,20.9880266445765
10060,-4.8225812625016
10061,-201.9229408106373
10062,560.0639265657700
10063,55.2884762524490
10064,671.3015746918347
10065,-493.7487382852285
10066,-279.3530367325920
10067,-53.7125276131480
10068,379.6981955009754
10069,315.0714108579815
10070,169.1300173261431
10071,-271.5993032690114
10072,783.8022226750342
10073,44.5773115155485
10074,57.4067800545774
10075,-161.0782741430680
10076,-220.6695784788574
10077,223.2412944292917
10078,352.6655955437542
10079,13.1632913662656
10080,-461.9941469857305
10081,305.3721466914234
10082,-230.5965617386112
10083,359.0744432425440
10084,-430.2605633759214
10085,-115.5488220554619
10086,-88.9600638786738
10087,-488.2901898080419
10088,-139.3503385471353
10089,57.3388081085268
10090,-190.3362427216643
10091,-6.5080929148246
10092,189.2910777470183
10093,346.6036781856553
10094,871.6273206485896
10095,-147.0135373865385
10096,443.4899377794298
10097,-30.4984329744370
10098,185.4634575344594
10099,-119.9171715173280
10100,43.5752380018073
10101,58.3185715522444
10102,-197.1524682983976
10103,-70.4716067884122
10104,-342.8460532886677
10105,-29.2335898737170
10106,49.5229292961036
10107,-16.2461441379131
10108,33.7750692616069
10109,-68.8830774832414
10110,25.8633994936969
10111,-617.3142842716954
10112,-185.9044130119489
10113,323.7831061093863
10114,-35.6621957221279
10115,-733.5297711613836
10116,-240.7385626473611
10117,-381.9731466242489
10118,75.3199446216950
10119,36.6103264591178
10120,-28.7562702250231
10121,-481.1606279685881
10122,408.8502304229887
10123,-765.0217471991634
10124,178.0726965163704
10125,-7.6498793856733
10126,134.7968462337593
10127,-477.4585142128702
10128,-248.7062530132360
10129,-361.8846572238637
10130,-18.7556117485542
10131,7.7956043744347
10132,-109.1059897253836
10133,-63.0737452421943
10134,591.8231837349157
10135,259.6126336966278
10136,-279.8658320087675
10137,93.2253594005184
10138,-427.2873154191352
10139,84.3865663308981
10140,-311.5446306441554
10141,11.4192686125615
10142,-297.8314684235852
10143,-331.9289709686432
10144,656.0132305257305
10145,-476.6626813650537
10146,361.1940451337746
10147,-150.1852686119229
10148,299.9467190243238
10149,-191.7214321927078
10150,151.9499951161201
10151,-64.6727578157642
10152,351.2448616306335
10153,-370.6364457562725
10154,349.2249817861110
10155,273.5246096168014
10156,783.1971843196874
10157,-124.2378897357401
10158,-155.2200443299082
10159,-506.9556493864102
10160,201.6932123856154
10161,-415.1740571596362
10162,-348.1651051695646
10163,-201.9522410868096
10164,-658.9504470533369
10165,179.3464016817152
10166,124.0692581616872
10167,-209.1502535520177
10168,213.7051347740058
10169,-82.1172102380893
10170,-97.1102698972686
10171,124.2680057464805
10172,50.2899156571429
10173,538.7439592813369
10174,630.0175345543369
10175,217.2592778265443
10176,-491.7337413267077
10177,-131.1417511388327
10178,362.3930224172946
10179,-14.3630380554083
10180,-30.2617573616763
10181,-107.3235807672992
10182,-334.0625929296718
10183,299.5063996464328
10184,-103.4722148450534
10185,179.8204994671943
10186,122.2007088790070
10187,86.5803716169063
10188,386.4825605669920
10189,-613.3611745045823
10190,-269.8163873834627
10191,260.7314512622858
10192,-44.6201612804272
10193,-159.1571757641686
10194,-145.2455987935752
10195,447.2282148760013
10196,476.3569859695946
10197,121.7942134532724
10198,-1.5356790561065
10199,410.7440965387812
10200,90.8280997996474
10201,150.0733695684512
10202,24.0336529615469
10203,273.8866340536305
10204,-154.5292603802510
10205,42.5889015070658
10206,617.3417063168563
10207,38.9393607614296
10208,-91.4361011949042
10209,225.3532747739113
10210,151.0582757708565
10211,-86.9166477364600
10212,-101.7178895800730
10213,161.9377650260551
10214,357.8704141035455
10215,32.1459781865543
10216,-379.1453992002921
10217,-165.9421322236720
10218,257.4539216945410
10219,-124.8385077918411
10220,47.0845147229920
10221,-67.0506513898020
10222,287.1733441341638
10223,836.2674277701624
10224,-78.7332926020564
10225,-293.0092291521938
10226,284.9163264622561
10227,377.9514320082277
10228,-473.9426195897227
10229,-538.8094549766042
10230,-372.9047504031867
10231,-83.3770088996875
10232,157.4620595191128
10233,167.5029145615103
10234,-105.6904057431964
10235,561.1616879176283
10236,-149.3553189574681
10237,196.9668051235223
10238,-33.8199117275797
10239,5.1994198823375
10240,-121.7084229606325
10241,53.4735798173784
10242,531.2918938411248
10243,-157.6026225893759
10244,-183.7719623926123
10245,643.8322464256623
10246,17.7803060101295
10247,-92.0793971946027
10248,485.4931646050749
10249,-221.2365786079392
10250,490.6065050484614
10251,-43.6771591542505
10252,139.9332298711764
10253,207.5044744276111
10254,17.0926470243602
10255,-396.4720331605291
10256,-168.3016676152915
10257,-75.5932410012443
10258,-292.0735078007695
10259,-59.3736653466331
10260,247.3690470643843
10261,206.8311275818564
10262,17.4624644640802
10263,-181.8114850065696
10264,300.1761509454860
10265,-567.6387247955888
10266,311.5932728526350
10267,-9.9295118354921
10268,161.4078230454780
10269,272.3855992297234
10270,55.1224574194255
10271,-15.2782674121977
10272,286.4023019429028
10273,387.8886119434745
10274,-148.5788886363866
10275,171.9523524483959
10276,-411.5705922226790
10277,213.8025382707521
10278,133.9300243737171
10279,-99.0171775012417
10280,-162.4172422455823
10281,-39.0741901134788
10282,-295.1584521832394
10283,141.3248135435957
10284,163.0598300533458
10285,-55.4554014624177
10286,-145.7406760935216
10287,16.3504624363545
10288,-364.2985584828284
10289,558.6630187376728
10290,40.0506612190075
10291,67.6373450429700
10292,559.8400846554663
10293,469.8069471574157
10294,-149.4998010545295
10295,-328.8227866996963
10296,425.7713170466744
10297,85.5046624117948
10298,-166.9155370558495
10299,-662.2984070393496
10300,50.2803916530037
10301,-11.3557183329618
10302,-451.8112644495305
10303,78.6728331341311
10304,-386.8187999173567
10305,-273.2273830523715
10306,352.0150454400221
10307,-263.8480409181021
10308,-214.7302229936118
10309,-84.8811548973843
10310,745.8832791254225
10311,-418.9751084522736
10312,739.1991251661946
10313,-469.0774263529478
10314,481.8298448656713
10315,363.2079747874407
10316,-270.2530418207191
10317,-399.5921247161319
10318,234.4572803070643
10319,-38.7346935703264
10320,238.3687487185069
10321,28.6974419901828
10322,238.2309578596529
10323,-130.0074403000013
10324,-681.2945617788498
10325,61.5806529595425
10326,-444.9298506709591
10327,-14.7132083928407
10328,680.4767823428567
10329,288.7326064937643
10330,839.9704901556719
10331,416.6574765191793
10332,167.3560372891568
10333,-86.7795378670687
10334,332.7699676004366
10335,-201.3344309342537
10336,-43.6250829878413
10337,-107.9023777960970
10338,-284.0357380251706
10339,232.6085571783258
10340,237.8331517153999
10341,74.3998056772031
10342,255.5177040636459
10343,-168.6496192856103
10344,68.5633460162900
10345,-365.4419817252606
10346,189.7064988609461
10347,-369.8332497667090
10348,-250.9002439023779
10349,76.3135501962321
10350,-344.9455092337759
10351,-187.4233932681256
10352,482.1697569825218
10353,125.7526697288599
10354,450.6919437521854
10355,216.1761901820821
10356,34.3419357193048
10357,57.5114559612152
10358,-211.4194989471272
10359,49.7624918094931
10360,76.1110402075843
10361,-29.1962544904407
10362,33.0489585287374
10363,364.5627121631001
10364,234.4828098731513
10365,-21.7965548590900
10366,-476.9378770477999
10367,43.5676589930469
10368,-310.9572136651691
10369,-46.9411162260371
10370,181.1955810713355
10371,-214.9624298200718
10372,-80.2270603152213
10373,841.2082291657364
10374,102.3567870858701
10375,37.2977380468817
10376,77.3981827596021
10377,435.7945214936921
10378,111.3947926515571
10379,-128.8292241538751
10380,573.0501210583959
10381,48.6024680779112
10382,-68.5541465921885
10383,56.6816245058302
10384,-360.3099319994403
10385,131.9019228345041
10386,-264.5258976334306
10387,-378.7932497249926
10388,-190.0992925997663
10389,862.9152130409615
10390,159.5764966623107
10391,514.0204635801454
10392,61.3876678034070
10393,720.8758958326578
10394,-450.9767310398021
10395,105.8944421199973
10396,-27.5326030440029
10397,-23.4355619667700
10398,331.2059982949458
10399,-156.0245639482410
10400,0.9477018385603
10401,17.2324051653197
10402,143.2390841702123
10403,53.2264513907467
10404,41.0133492697944
10405,-129.3925514683473
10406,430.9165210459302
10407,-427.9096196573570
10408,49.1140048520917
10409,-221.6475803891873
10410,-313.7597121868504
10411,115.2445224470698
10412,96.1009720445355
10413,-399.9159849424208
10414,-8.4114079235629
10415,733.1841324374682
10416,-332.4267664916509
10417,83.6761204219433
10418,339.7927486554425
10419,-35.1157013145143
10420,38.2043354338779
10421,-606.1984890559310
10422,194.2728533894618
10423,155.0315511615825
10424,-111.2564778734838
10425,-63.3393716365161
10426,403.9358187289639
10427,690.9194303358597
10428,75.7812994364499
10429,-340.3154065235760
10430,-195.7615954269784
10431,40.4451387087557
10432,-137.6541879602928
10433,-95.6747965895447
10434,290.8435378725027
10435,568.4646813472785
10436,351.2186507540744
10437,194.7151665816825
10438,-312.1508420871936
10439,-518.3107868724477
10440,-80.7515804806129
10441,-109.9105383057846
10442,491.4108364751962
10443,371.4851448604937
10444,343.8566446684352
10445,114.6078539736845
10446,-315.2044219098825
10447,83.1039650930707
10448,-82.5991510177407
10449,-182.2190272252757
10450,-294.9172924513047
10451,-294.2105553148696
10452,611.5470417356519
10453,-34.7561341035925
10454,-115.0415769005778
10455,263.2793379023755
10456,346.0565120928380
10457,194.6116152691099
10458,257.3561496384942
10459,-303.2080949271150
10460,-173.1959108570597
10461,-88.5398344857847
10462,137.6016120001118
10463,337.0486492780650
10464,155.7252346036269
10465,-250.2907929052380
10466,148.0634001514354
10467,333.6821886093782
10468,-260.3363923834255
10469,340.3079092279144
10470,224.6853557126953
10471,-607.2797170619310
10472,-54.8595929409186
10473,-685.0910817258430
10474,268.2582707785942
10475,108.7974356338842
10476,-233.1676171727206
10477,115.8908815785020
10478,75.2887546149847
10479,312.5869539403422
10480,78.4259070467950
10481,-509.6307964395822
10482,142.1529457847463
10483,-567.6096744598838
10484,99.1978441101309
10485,181.7656936468097
10486,-27.4070983943583
10487,-646.8210508159748
10488,-261.6328162502992
10489,-398.8768891978158
10490,-259.4107520561830
10491,-252.0574035679908
10492,-25.6479672273315
10493,-479.3579494231420
10494,109.9106861902191
10495,161.9425796911398
10496,-436.8071742397549
10497,-66.0122044225675
10498,-73.6053826540719
10499,51.0027394461938
10500,7.6096810321635
10501,-38.3904867310829
10502,493.5959706069283
10503,-303.4490805444865
10504,285.3630587606860
10505,236.9308212194621
10506,-112.9028873820915
10507,-104.9163970540470
10508,70.1107117201520
10509,-334.4021807746179
10510,-526.1520613513318
10511,26.6951266815403
10512,16.6250768789068
10513,-282.6239186862393
10514,-156.7643892232482
10515,-368.7038524010559
10516,87.2669838839739
10517,9.6219614493943
10518,159.3385543339497
10519,737.8354361900722
10520,-63.5256148968379
10521,253.3923454040682
10522,-195.4792622604791
10523,-233.6040627570060
10524,672.0430027603301
10525,161.0264781163401
10526,-86.9238858837820
10527,767.4499376317865
10528,300.1434547015426
10529,-264.6332621205304
10530,506.8069224983668
10531,413.7325757860616
10532,-227.9556542045858
10533,270.7218219182481
10534,166.2721453884320
10535,467.8359469952992
10536,691.0141927413326
10537,-235.1955016257753
10538,-204.4947563378369
10539,235.5654990256698
10540,481.5082289895014
10541,-404.2863716261733
10542,499.6345988790219
10543,-280.4236242835598
10544,349.6353570127749
10545,56.2792185593269
10546,377.7838241995528
10547,58.2392941250823
10548,424.2998121746483
10549,85.8004124415471
10550,-252.9928885245896
10551,172.8678449550204
10552,-190.1066002057142
10553,306.9642865236686
10554,-179.1176649334226
10555,-155.7759049400490
10556,-208.7525705791084
10557,-257.4259780204177
10558,-187.8870804578436
10559,178.9596858980307
10560,769.2994246067658
10561,131.4540049564619
10562,-86.3360584772552
10563,-440.7896941287978
10564,522.2063378416922
10565,74.2604453705895
10566,-273.3451908082478
10567,23.8854832027221
10568,-140.8861901167377
10569,337.4418933254647
10570,63.4251202440309
10571,-78.1210436056396
10572,-209.4159615061065
10573,-354.3022169957902
10574,261.5495894072729
10575,252.7847530350221
10576,415.3327934963982
10577,-341.4106217749630
10578,-101.5430656172892
10579,-82.9800373443468
10580,-146.1918594508300
10581,-400.9570095088502
10582,114.6881016153073
10583,-318.4094491728407
10584,-27.1286511131503
10585,253.3920635503230
10586,-15.1615972359099
10587,490.2763101566972
10588,67.1605541551605
10589,-583.6536301606633
10590,566.8292227808818
10591,-659.7840206113418
10592,-280.3445865766315
10593,-618.4849576034642
10594,-403.0815217720824
10595,52.5807958677764
10596,154.1372478179055
10597,-187.1872458864615
10598,45.0643228640186
10599,389.8698024589756
10600,497.4944277009734
10601,-172.6046614569696
10602,-199.4880483069116
10603,146.3321354045877
10604,-745.9314211823651
10605,-230.9357823467963
10606,-157.7376882351051
10607,170.5558567216077
10608,58.5281957912739
10609,21.7782353770832
10610,-33.8454323885955
10611,527.0115321450173
10612,370.3597932478207
10613,-83.7088492933665
10614,-297.8667818275179
10615,379.6300416409047
10616,-194.4998186788645
10617,-59.0811542392412
10618,-59.0507414560860
10619,-265.7953310406417
10620,-488.3242148449634
10621,-28.1333168150970
10622,-110.8972425166389
10623,642.5198198743141
10624,-25.1049582455751
10625,368.2746547201454
10626,274.7992135270418
10627,416.5261293363849
10628,110.5732486798430
10629,561.3783520521667
10630,497.1437621157767
10631,-201.6098773445092
10632,-370.0522982615884
10633,731.0573724235981
10634,-380.1370791551691
10635,-200.6025155052088
10636,272.0860118937550
10637,269.8405899107630
10638,-243.5639950853461
10639,-80.6420943458687
10640,-467.9770128985555
10641,384.1033091717126
10642,-158.5146407643827
10643,-321.1429089790809
10644,-72.3070981215833
10645,244.8965010486310
10646,-111.7668798992759
10647,-71.3035416162864
10648,-97.1490053451391
10649,387.9928529444625
10650,134.0797608254544
10651,-372.7245397183443
10652,-153.8973489141062
10653,376.0557246783067
10654,-45.0669997272818
10655,29.1110242016167
10656,-164.3884137139245
10657,291.3802875570239
10658,-389.6429089892458
10659,-145.4538136607281
10660,276.5061419927243
10661,-134.0938109171892
10662,82.9481115548117
10663,143.7733706105275
10664,230.8537782304085
10665,649.8980469913479
10666,188.1001141039921
10667,170.7722161437617
10668,-533.8474844790481
10669,-516.1349688253702
10670,-356.7869746721655
10671,480.9037432056480
10672,-54.5359929616752
10673,-272.6605720403808
10674,-89.1636934197674
10675,-97.4000408249598
10676,-264.2980377506263
10677,-558.8516759610409
10678,-18.2231739898225
10679,238.6833785879795
10680,-107.4968268789764
10681,-439.7371496922739
10682,-366.0873776204499
10683,540.4744022919010
10684,-335.9192295399886
10685,128.9848136466244
10686,-360.4650592778836
10687,-211.0145865682001
10688,115.7038360539968
10689,-723.6333562247721
10690,380.8939221056088
10691,24.3009698057556
10692,-145.3876145274098
10693,-157.2829561785388
10694,134.1033600367295
10695,215.9571007711615
10696,-310.2061637343893
10697,18.0188836938427
10698,-287.1696947296591
10699,-244.8288894362387
10700,-126.1519063210304
10701,-276.8510336972010
10702,-63.9028231953839
10703,-268.2907419843653
10704,80.9906061870766
10705,135.4919764914789
10706,265.8617173707353
10707,290.1533893185744
10708,72.8575070698758
10709,-88.6450183828437
10710,-562.5238017086106
10711,-257.9685916645923
10712,-88.3281877322766
10713,-608.9048913545778
10714,16.6481298468672
10715,-117.9966414450886
10716,244.4881358582511
10717,60.9613206465267
10718,640.8504726114270
10719,15.0735926586624
10720,135.0064443047730
10721,39.5233745332323
10722,86.4456057413424
10723,20.3376546154556
10724,217.4424202319807
10725,-8.5748459902475
10726,172.3975873173989
10727,-326.0037487732896
10728,347.5813407240381
10729,128.9580390911452
10730,-379.7500886129537
10731,-134.7069570566249
10732,153.5688851434243
10733,-72.1227860889707
10734,183.3084883057267
10735,-456.5387761913788
10736,152.2753016259966
10737,-20.6582805990707
10738,245.6223283546582
10739,776.4009728233557
10740,-320.1434529602244
10741,-479.3197082847781
10742,-69.7543486029084
10743,-372.0104531960517
10744,397.2822473818086
10745,94.9729302515404
10746,-545.8700939849767
10747,92.7173308480332
10748,456.6232467986969
10749,140.3351962920396
10750,-542.6167845034420
10751,33.2561784730554
10752,237.5455531193662
10753,-260.5147806037737
10754,-227.7411780489454
10755,-18.3742079446441
10756,357.2320793577898
10757,234.1686632237951
10758,309.0494908647157
10759,109.4162090726784
10760,297.0462771953383
10761,431.2827186897728
10762,-285.9027541516837
10763,-461.1231850605630
10764,458.8411685202926
10765,-35.1324786579342
10766,-138.9667786727800
10767,435.8781113541387
10768,-327.5517324812432
10769,-16.1758422256011
10770,32.6873831509719
10771,-143.1103609361336
10772,-82.9116379681933
10773,-26.3958495790882
10774,-295.9065424837690
10775,-300.9445513092775
10776,-157.0374617605640
10777,-444.1054251705675
10778,55.5429592337443
10779,136.0957334337383
10780,-59.9342344141380
10781,774.7869393558548
10782,-291.8214694025422
10783,449.6545133580521
10784,-231.2008249130528
10785,88.1805884040512
10786,511.6823816159443
10787,27.6989139918540
10788,69.7190034307853
10789,-684.0304286748194
10790,-181.1657541891078
10791,-592.2856835316268
10792,-326.3723044913684
10793,527.5739554313374
10794,-175.9822322889251
10795,555.3273243262497
10796,-40.0621925694767
10797,-242.9096118442566
10798,466.4750098322087
10799,209.7265782177988
10800,112.4739902863377
10801,655.9597092112729
10802,-253.6728820136544
10803,-143.1400643690267
10804,261.9090334491256
10805,-51.4305246209891
10806,-646.5343714931214
10807,-114.1173064551290
10808,126.1493111800803
10809,204.5934628589950
10810,-300.3936136583135
10811,-415.6867458895397
10812,6.4491528842810
10813,72.8010777748287
10814,160.6608720814523
10815,249.3116892918170
10816,-248.2853452465630
10817,7.8306299226127
10818,-466.3838270166584
10819,290.1514440446014
10820,-309.0332065633398
10821,528.6916611956265
10822,372.4938479322542
10823,-328.0862663096855
10824,-94.6587340772515
10825,55.5691941404573
10826,67.3438241903168
10827,-533.6683812491310
10828,-128.1086335034484
10829,-542.9948584464189
10830,54.6346396725810
10831,182.6604348326792
10832,-41.2994857308911
10833,652.8127633917358
10834,-336.9657807378885
10835,99.9628201977380
10836,811.7900163367078
10837,-346.2521160653002
10838,103.6908796009838
10839,487.7360812633325
10840,120.8956910139915
10841,-324.3296740543696
10842,-136.4121297121485
10843,-41.9244300309770
10844,282.7029865802339
10845,345.6203289702049
10846,124.6979853475236
10847,-206.1133528337340
10848,155.9399858321405
10849,-443.7672299433855
10850,-273.3430034005962
10851,195.9503308185458
10852,-30.6900408513998
10853,86.5677865981545
10854,-312.2113618894962
10855,41.0052469614578
10856,307.6751801999479
10857,532.9059494214049
10858,260.1616805633805
10859,362.0055075337368
10860,101.3289812019683
10861,38.4412961398941
10862,20.2676747539030
10863,117.4402498807463
10864,573.6911827078559
10865,-507.5920585145007
10866,-211.7696267104565
10867,-78.3998974042816
10868,-319.5737676595734
10869,-267.4465644183347
10870,-780.8570319676237
10871,50.2299805564437
10872,-298.5490108171672
10873,23.3923865231167
10874,-76.2905974101472
10875,-257.5974704642546
10876,171.5643650979654
10877,-121.6007831624898
10878,-451.3737768554306
10879,81.1353388426825
10880,-212.5524931714260
10881,-3.5349272290956
10882,-408.2554810001849
10883,-158.6513319446580
10884,238.3983420161308
10885,-133.0357232736965
10886,-266.0840826060641
10887,247.7427043819476
10888,347.9665442832371
10889,-511.3152428108668
10890,21.8158712150195
10891,-163.8414096422910
10892,-472.5608363970476
10893,-365.0082671512347
10894,272.4371379322401
10895,92.3737637489163
10896,491.8081456846517
10897,-200.0360581358085
10898,144.3149082498748
10899,-554.3580524199995
10900,-449.3575578941575
10901,565.0154801799599
10902,446.3187580746215
10903,309.6973881874126
10904,282.9279414077500
10905,176.1976281899680
10906,-315.1418517603812
10907,612.3377931152968
10908,274.2522312477311
10909,-19.4361730585651
10910,404.6254477705246
10911,47.2664814269853
10912,101.8962408096049
10913,98.1480956277789
10914,-231.3525824437230
10915,136.3361231916424
10916,-150.3100592679496
10917,461.1995499787880
10918,145.6901588842731
10919,-405.8237418755580
10920,-405.5525658750961
10921,213.6739436505614
10922,-204.8036402731441
10923,-118.5706379105085
10924,675.2302648290726
10925,145.1619878685346
10926,489.6870020199625
10927,-173.7655745936935
10928,89.6916846528367
10929,239.0117915423100
10930,-68.1800006866009
10931,93.6667756151326
10932,-196.5530172200871
10933,-711.7534447200929
10934,-104.1502399114898
10935,55.7300395012294
10936,74.2403505847864
10937,625.7495908769048
10938,234.9868848687546
10939,221.5929479387567
10940,61.9315917567948
10941,239.7364483344364
10942,-21.3380818183183
10943,180.1647362970921
10944,14.9186279954978
10945,-374.8656883482516
10946,-397.5149288584032
10947,114.6669084321614
10948,-269.6162287989432
10949,0.1392122144917
10950,-34.5948467606937
10951,72.7340212266815
10952,-188.8055631390384
10953,-365.5336719234537
10954,-67.5955225542681
10955,19.5011701391789
10956,212.7825901382335
10957,170.7228468826319
10958,48.7560558820185
10959,-239.4465227916465
10960,409.7382051551801
10961,399.8680056503092
10962,18.6931004599764
10963,165.7669719598435
10964,-124.3894534967105
10965,54.9945232127865
10966,640.4320745648683
10967,7.5787927355543
10968,-265.0476304100113
10969,1.6927330910936
10970,18.5171336212676
10971,-248.8516393016931
10972,106.8619315465080
10973,251.6391431209096
10974,133.8377395364068
10975,-358.2669613769305
10976,426.2614473176403
10977,71.9784224697405
10978,-322.0875596252205
10979,438.8402675015938
10980,-40.1321144913418
10981,283.8035686529258
10982,-487.9061953325845
10983,-86.9330282521481
10984,-470.8501510916907
10985,73.1464827731519
10986,-688.3900989407997
10987,392.4785675660410
10988,-328.6310374955384
10989,149.3916006346926
10990,321.7931147606056
10991,584.3930870450633
10992,206.7572957002490
10993,36.5482259970080
10994,-37.7782852111883
10995,-551.0517094651366
10996,-107.8512038775700
10997,-176.8060279535305
10998,-356.8894911731824
10999,418.4145841124784
11000,-26.1334960169815
11001,-213.9095136280310
11002,246.5797888198770
11003,-32.0110249497122
11004,-126.7325884958266
11005,26.9144915576193
11006,198.9219737629521
11007,-18.8435544147073
11008,-119.5148460764237
11009,-389.9037605310738
11010,-149.5092860714788
11011,-308.9620302146944
11012,-478.7771604137526
11013,-616.7291412522796
11014,-25.8908296113846
11015,-133.1765903168639
11016,-633.0587252293210
11017,-32.2632947456076
11018,28.7958195816946
11019,-290.0013236406602
11020,-168.0249653920009
11021,-173.8410200197397
11022,107.2795541516630
11023,278.3287852070004
11024,164.7366518159132
11025,596.7860199506165
11026,737.7802177171225
11027,-57.0443987038877
11028,-20.3819130278853
11029,193.1114083002465
11030,150.9524222036819
11031,-340.8779258558667
11032,207.5565702465376
11033,-27.6747261258925
11034,-146.9516573657120
11035,-121.8806682961267
11036,144.4795053298901
11037,333.2095316788971
11038,-452.5131209680453
11039,-208.5368467442234
11040,265.8449475236094
11041,-86.1964595005007
11042,-456.0106179223631
11043,-377.7300472014276
11044,277.5566889704530
11045,-98.2881655686435
11046,-258.6774182328505
11047,508.5130216465908
11048,-27.8294667674152
11049,-397.8382252241875
11050,27.2942315480418
11051,55.4609069629132
11052,86.5244396150268
11053,-417.7182670641675
11054,265.0746921743701
11055,126.4953798005735
11056,-731.2337998933427
11057,26.7685290704317
11058,15.1724249654740
11059,603.1491770539611
11060,-68.5103690857610
11061,-630.1588497389253
11062,391.4398950451703
11063,191.2673977127126
11064,-82.7991588980455
11065,874.2798355716817
11066,130.1022096560791
11067,24.8252576298389
11068,10.0156845555303
11069,407.5535519509845
11070,184.9337224498366
11071,699.4013403550848
11072,12.8741821712496
11073,-569.7950312054747
11074,-60.6182675302714
11075,-96.5894429258605
11076,19.6607083573845
11077,30.2259690500661
11078,-107.0685821483568
11079,-23.4481530233085
11080,-16.5634897551123
11081,18.7673179985880
11082,145.9503818222066
11083,-428.1027566009215
11084,-158.1747761103719
11085,-44.3780808967882
11086,-411.2997705448303
11087,218.4210180820249
11088,141.2453078447525
11089,316.6347559705910
11090,93.6802398253551
11091,154.1640540256554
11092,-132.9202502359105
11093,-293.8735713953071
11094,485.3063455878752
11095,-271.2294815068547
11096,373.3831471784334
11097,-359.6695987563282
11098,-459.9923044506953
11099,209.0536985232820
11100,46.7400835148773
11101,-767.8965435991787
11102,-153.9694668257060
11103,-66.6828924615681
11104,-15.9440350808872
11105,16.0759843450001
11106,157.0389367015735
11107,585.6578635592915
11108,-259.6381059793920
11109,264.4864666930858
11110,171.5586506995273
11111,182.0657255450851
11112,-336.8833733608922
11113,-403.2385387031520
11114,114.5777251079548
11115,161.8364434963897
11116,-628.0447010001054
11117,242.0117530553879
11118,362.8630361176535
11119,60.7137064042445
11120,-359.3112312132590
11121,-379.0818795057268
11122,237.8377849497886
11123,-293.4175091399246
11124,-397.4513792029815
11125,159.5888560513253
11126,365.0374752135954
11127,-720.6128464897358
11128,500.1648657714839
11129,-11.2658100061629
11130,-69.3550150252381
11131,250.8656215596781
11132,-169.3067854080244
11133,120.4372069269265
11134,-39.9531578253932
11135,-520.8790659997443
11136,-631.1061053453728
11137,-189.4512872458673
11138,73.5707873664434
11139,39.6381319362824
11140,-459.8374387751048
11141,4.0290717234962
11142,-197.4488996568163
11143,62.3897425691470
11144,-186.4453523692718
11145,-133.6082201956018
11146,305.0229789528641
11147,-46.0224675921479
11148,-42.2814759850073
11149,-174.6134231397823
11150,-221.8174242781658
11151,-177.5825537147668
11152,-1.6457791602114
11153,92.1956147289280
11154,380.6366433481242
11155,5.1762855335078
11156,-43.2641378603596
11157,138.5690976831326
11158,-644.2373399718055
11159,-264.0526485409810
11160,388.0771113359532
11161,-314.5755039675320
11162,68.5957788536986
11163,313.9025059586705
11164,-174.1363800055003
11165,75.2450609171672
11166,-48.3004965347903
11167,366.3281349305423
11168,-300.9531752245196
11169,52.2954749728069
11170,199.7645085288465
11171,-291.4521388811775
11172,-221.2552571419515
11173,-347.6337366501141
11174,-203.1697372256601
11175,-377.9229754446046
11176,-39.0599012387205
11177,-27.6577089869231
11178,-4.8400690110828
11179,387.6931701816700
11180,173.0752110086150
11181,932.2704016789721
11182,-79.7594893496655
11183,140.8319773722505
11184,39.6840298581275
11185,443.5242080443130
11186,342.3599487202389
11187,-137.8579525840634
11188,596.3305304911726
11189,207.6469264235072
11190,-628.7444696897269
11191,498.5177064988439
11192,-157.9392487400486
11193,351.1078397657421
11194,21.7113335356002
11195,-147.8588200554936
11196,204.5724627492808
11197,29.4746182494127
11198,121.4339296412442
11199,-565.6199353865666
11200,-229.6105869585278
11201,-46.8044771087409
11202,686.9993413504822
11203,-439.3760081383562
11204,-564.3067809262280
11205,-449.4452387206120
11206,-187.0133755779536
11207,63.7144707523073
11208,226.5321796112895
11209,-238.2619588660746
11210,8.0317526679672
11211,-360.6886941851466
11212,-123.9931161386858
11213,-388.8646194630039
11214,21.0258626314464
11215,-301.5018712563038
11216,215.8774083128968
11217,403.5102100498001
11218,435.6976033569270
11219,-107.1009208837220
11220,186.0469207837367
11221,347.5694847398063
11222,258.8139591153046
11223,-431.3756614817933
11224,-169.3593819810199
11225,106.3866800430396
11226,11.4063433477797
11227,362.5962040295644
11228,-602.2073540911477
11229,707.5559184457945
11230,202.1749187820549
11231,-50.3371197676571
11232,-170.3294234532492
11233,-33.3113709039497
11234,194.4298349201157
11235,-358.5893509674072
11236,-212.2653532691775
11237,-291.4211038222634
11238,295.5576189497116
11239,-278.9733872730841
11240,23.6536533001098
11241,-64.4636109068396
11242,-550.5130672413402
11243,541.3432697524756
11244,95.0633304113096
11245,14.5982073746327
11246,108.6088351912705
11247,-390.9747091142430
11248,358.6664196609011
11249,-656.7373713546332
11250,39.6217040406500
11251,-112.1078139764176
11252,-3.9966181836035
11253,-399.3487785294677
11254,-189.9421583026676
11255,25.7050032546183
11256,-514.3423090508954
11257,42.9033889964728
11258,-18.9326524215669
11259,-109.3230964996573
11260,-32.8990917139466
11261,-543.8120026538537
11262,402.3710870309702
11263,36.2443153794276
11264,228.3040758000941
11265,346.3830222771374
11266,-401.2227069906849
11267,54.0571977313650
11268,6.8622333480844
11269,-3.8120805658921
11270,-445.4514919738880
11271,162.0875187432692
11272,176.3675250138710
11273,-516.9719819284376
11274,189.9931600934902
11275,-164.4571279651933
11276,174.2099471283279
11277,-510.0297763148843
11278,174.7848851098713
11279,-352.7463243272838
11280,-145.4609770896167
11281,456.9718611706613
11282,-463.5148906726280
11283,-363.5842764043933
11284,-157.8480822849040
11285,-195.3606096202616
11286,152.0406877568565
11287,-197.0922676688175
11288,36.4809653687198
11289,993.2248779784693
11290,-387.0287931868153
11291,-6.6165108828031
11292,-272.0688608858406
11293,-138.5995455101103
11294,-105.0394486125998
11295,-21.5295244047235
11296,91.0571991502296
11297,-65.7911971494723
11298,164.4728771009370
11299,-17.9978270274650
11300,783.8866597139144
11301,-339.2311247243129
11302,-196.4845636178357
11303,357.2184954096822
11304,186.3106252115696
11305,138.0941036840314
11306,-11.6324614777384
11307,175.8091637342037
11308,-224.6173498323625
11309,68.8557964118672
11310,201.2111313900394
11311,257.8711428771629
11312,-432.8705595172986
11313,-893.9998008184391
11314,671.8650784658582
11315,-143.3726491912182
11316,622.2386586662823
11317,179.3844262904728
11318,553.7744088919058
11319,133.3992211640382
11320,-278.7634418316661
11321,-316.6280409529843
11322,503.4156628826669
11323,282.6871359966572
11324,-192.3497907541523
11325,-266.5062159351736
11326,28.4420926919717
11327,-502.8106644889343
11328,-284.8971678177398
11329,334.3253961027041
11330,131.8555942163131
11331,-163.0690052750664
11332,207.6978104450536
11333,84.5377553554174
11334,26.2596290661028
11335,-255.9221373063671
11336,51.2829027424821
11337,-102.0496214623113
11338,160.4343041062871
11339,285.3933559563085
11340,-58.8409645216816
11341,103.1053491066587
11342,-294.3112930187339
11343,376.9074907782762
11344,69.8018669339692
11345,866.0001885226104
11346,-39.3728965805395
11347,64.6142028933181
11348,-169.6560341690669
11349,-545.1873976319999
11350,-61.7696368475373
11351,-497.3202845338075
11352,462.2911105292883
11353,-153.2691425095555
11354,-206.0069414591026
11355,-139.6796790389993
11356,-86.3160350000836
11357,589.4439429065601
11358,213.3916236546713
11359,160.8426920524976
11360,189.1431187909544
11361,-353.6233316812035
11362,-195.4614688813514
11363,-130.9704878475706
11364,-411.8978482107086
11365,339.5361109610375
11366,278.7080285787564
11367,262.5393308909979
11368,-182.3152473785592
11369,312.5925398843065
11370,292.5069660284920
11371,-191.3981291302146
11372,97.1989658904283
11373,-323.0624519693488
11374,-641.6335236830920
11375,34.4043177859414
11376,332.6146395449397
11377,374.3942908011452
11378,79.7405744369824
11379,-175.6645414801170
11380,161.8497799905454
11381,247.7096272690800
11382,90.7385821923596
11383,406.9195427827266
11384,-128.2933840449150
11385,131.2733075553549
11386,729.3094416276251
11387,721.9516507762634
11388,-177.9400006337247
11389,709.5229020169678
11390,68.4418279462764
11391,-488.0481067137033
11392,152.7459391461768
11393,-239.2502847833343
11394,-147.2809571447955
11395,-45.2083185756456
11396,-222.1244934454270
11397,-332.6152838819179
11398,-119.3673758230041
11399,411.5976153741661
11400,165.3828837539903
11401,488.2754656867202
11402,224.1448993009882
11403,57.1231932787391
11404,264.6650201978731
11405,-126.7509829447084
11406,-376.2060205940094
11407,48.7913739177846
11408,420.1980640051418
11409,-415.5596397131088
11410,-45.0726787149891
11411,-169.4855745354322
11412,744.9633226613821
11413,-534.1845713199484
11414,-151.0311280910090
11415,577.9358654693669
11416,46.7263873906083
11417,311.5540818056223
11418,357.3063765881051
11419,265.4127384398410
11420,-253.5973690253512
11421,-473.8813440500307
11422,12.6884446058775
11423,-132.5642669004881
11424,72.4738192034759
11425,217.4358052292228
11426,-335.7785201122076
11427,-262.2046244768537
11428,95.5169832091021
11429,-209.1819202453599
11430,456.6356734923429
11431,308.4305601974662
11432,-28.8537311256815
11433,-358.5178471510810
11434,128.3117267744263
11435,145.6247243814604
11436,95.6670080341852
11437,268.2835409130816
11438,-466.9244162464640
11439,-314.3209496912712
11440,344.7406648862777
11441,220.7075581367114
11442,-578.4755239012406
11443,174.8090781147943
11444,399.9414839607329
11445,732.6720966332521
11446,667.3027303329162
11447,-63.0965129827210
11448,245.9065220289223
11449,21.7301930194885
11450,-248.6526404247266
11451,-197.0407550517400
11452,-282.0464722650834
11453,-81.1523892575543
11454,52.3653616037866
11455,-2.2571267781350
11456,-758.8756116063784
11457,213.4914591224904
11458,-169.2714782639768
11459,184.7202886520125
11460,256.5643049747523
11461,-63.2488977765195
11462,-272.7178718373252
11463,135.7944634714894
11464,455.7807433953053
11465,-129.3563765217191
11466,62.8733703922198
11467,-386.8529378948045
11468,267.2276588361106
11469,287.2411869226277
11470,-52.0997286525844
11471,76.4069566483915
11472,-138.1621508973810
11473,203.5561486423050
11474,15.4887110202661
11475,-5.9680825169687
11476,-31.6441425909689
11477,221.5663023069264
11478,-687.0023182063171
11479,483.7842231435405
11480,958.0223790880731
11481,191.5960609293114
11482,-58.5897055745352
11483,259.4623062040434
11484,-6.3167575619116
11485,-270.2884690000889
11486,-772.4642296251159
11487,-146.4633192619985
11488,-37.7814609930162
11489,331.5519575822498
11490,570.4745741117811
11491,-182.5998962757515
11492,-356.0940866069386
11493,84.1429512103642
11494,-115.7266417991652
11495,431.8983819954102
11496,-39.0276083608549
11497,28.1633830629485
11498,-54.0638534332929
11499,-259.9655378401635
11500,157.6968782048079
11501,-451.5735361809531
11502,482.5565048687757
11503,242.5569452090999
11504,-588.1137438098018
11505,81.0170968959937
11506,325.4067394440305
11507,-22.0522351506558
11508,-296.2785041973310
11509,299.0519135861393
11510,468.2699312239480
11511,-99.6074695148784
11512,5.2780854471666
11513,-101.9471501707086
11514,172.8154349633902
11515,-676.7207529529062
11516,-85.3345851981877
11517,117.5436957164819
11518,-83.6287873883057
11519,179.7556277016342
11520,-83.3529634745277
11521,-21.4191789522167
11522,292.1247462432763
11523,-100.1639608776520
11524,-295.4450782425562
11525,-196.1996154609633
11526,-90.4034979856607
11527,-58.1141240949139
11528,-400.3793446976447
11529,236.3271753297145
11530,-312.0048905394504
11531,448.8990473727646
11532,202.7355050769527
11533,94.9287545628961
11534,60.2473079175106
11535,-149.4366324908836
11536,406.7833814658024
11537,600.8120265364315
11538,-23.2635594607624
11539,-565.3127069056478
11540,156.4406917256116
11541,648.6215466239543
11542,405.7197964687426
11543,261.8058313693003
11544,22.3560839350153
11545,238.4124747322885
11546,164.5680237527015
11547,-83.3467411485821
11548,209.7749198244944
11549,-198.9743774153075
11550,-78.7347321033749
11551,27.7324881019247
11552,450.3167950749096
11553,-78.3152055800513
11554,-267.6389063338021
11555,348.3318744546581
11556,-404.4550391740678
11557,330.0959394936931
11558,-532.9705587435963
11559,530.1667228330987
11560,-741.0568046410542
11561,478.6495234473403
11562,164.6318792135608
11563,-449.7107531471186
11564,-412.1148110783392
11565,219.1277390751058
11566,-378.6893095030049
11567,368.7333880545344
11568,37.3384269584687
11569,396.4934950040531
11570,-29.3297947185357
11571,35.4752518390908
11572,-267.2910755568140
11573,-417.3465797913099
11574,-250.3010652766377
11575,-228.9572000921872
11576,692.2513473375059
11577,-411.1573720657528
11578,482.3211788824998
11579,109.4038692230869
11580,547.6205815138993
11581,179.8842650846925
11582,-521.5793101895122
11583,-0.5366722202063
11584,-1.3108832742803
11585,-248.0508314562961
11586,-243.0680618201313
11587,199.5673007517023
11588,381.3240432569336
11589,-393.1688038873972
11590,138.2324527613484
11591,34.2410556979880
11592,-4.6291546141179
11593,-151.8619312819581
11594,335.5463722270898
11595,-93.1452980827055
11596,507.7532186638952
11597,-355.4656205338224
11598,143.0897843816088
11599,137.9468840362695
11600,-151.0460060438972
11601,-19.6017736924686
11602,105.8488271340618
11603,-172.7851899812660
11604,482.1272637099981
11605,-267.5391741332551
11606,39.9055557861300
11607,-52.8557965310745
11608,-21.2224467312100
11609,155.3798934610844
11610,-96.0692778350163
11611,-163.1753040969971
11612,-180.3657397735511
11613,-264.6784345236002
11614,171.4279516464372
11615,-11.4577133629420
11616,239.9973419068967
11617,-39.8499538384162
11618,-211.7416065579569
11619,-354.1693561735652
11620,72.4794629520894
11621,306.8202044401937
11622,10.7102384791626
11623,-367.9516429972730
11624,280.9986782848993
11625,607.1342789952017
11626,226.0786669570703
11627,565.9296380146843
11628,-147.7674721698988
11629,-314.0375602749046
11630,-180.0455352520886
11631,51.2709773798720
11632,-118.8198422141341
11633,-258.2606219427474
11634,-229.8371302020435
11635,200.3647586231521
11636,-348.0714175640102
11637,-584.8608659725448
11638,-4.9298768310261
11639,-163.4422148166987
11640,87.0275192985695
11641,41.5666350434535
11642,-494.8904637770150
11643,-60.8877112029748
11644,-173.5513697197508
11645,181.2645211802119
11646,-51.3257090867704
11647,43.9509973051818
11648,-517.9818134858790
11649,-355.5526669032854
11650,272.4021668773414
11651,490.6303834469725
11652,-37.2347068678217
11653,100.1917811771595
11654,32.2647431166698
11655,342.3839958945965
11656,-274.3839964056688
11657,-461.5994801818368
11658,399.1178188156316
11659,59.9416624192663
11660,-119.0269379629813
11661,-281.7090515974909
11662,-127.6286844483186
11663,-556.5819101778251
11664,-79.3792344122200
11665,-84.2839875517500
11666,-212.8581543336196
11667,72.2985846798134
11668,-416.4589989203814
11669,-151.3927706678182
11670,-112.9432574665685
11671,-386.9976053679828
11672,553.3497133654166
11673,-80.9378345808713
11674,265.6051645120161
11675,498.0645050415460
11676,447.8834076769252
11677,-162.9533886340901
11678,121.2035152065204
11679,106.0234284584315
11680,340.5063554149729
11681,4.3144167627815
11682,-92.6478366916540
11683,-354.1295771288345
11684,214.0074765324252
11685,-345.6914287422607
11686,-271.8022086291161
11687,426.3090773781535
11688,-37.7575071705207
11689,-180.4634572378344
11690,-97.5823107880720
11691,347.8223132335262
11692,-237.0130908039774
11693,118.1231187011872
11694,681.4766679385011
11695,275.6633448909282
11696,185.1648163995732
11697,-13.1593633673160
11698,274.0722474871901
11699,178.7610296558835
11700,-178.9803951614063
11701,391.8425175864838
11702,-308.9499410969802
11703,-324.8362159483896
11704,262.0871357430684
11705,398.5210640940400
11706,-368.2548804329609
11707,-181.1825114378504
11708,-166.4134720874748
11709,68.9875525872535
11710,-249.4901287843145
11711,443.6033748432900
11712,13.6504598838504
11713,-212.5303785237177
11714,-27.9154187122361
11715,-240.7998218457104
11716,-142.8830914479367
11717,-285.8343043909051
11718,460.6316686800936
11719,-225.1078802995062
11720,97.8265193286200
11721,350.5872568742839
11722,378.8238516684876
11723,-3.8848455252727
11724,-260.9482885668382
11725,-64.5615861738181
11726,-270.6032841666920
11727,-569.4207476943711
11728,142.4683839948798
11729,228.1523179274669
11730,170.9058940527078
11731,-88.7330059811683
11732,179.5851459685294
11733,176.7868255604935
11734,-56.2705743482384
11735,-185.8725872968258
11736,100.4465873109706
11737,-63.6621795455849
11738,623.2061139971224
11739,-122.1689810537805
11740,-216.5726412681251
11741,-130.9809745007367
11742,-293.8266585893762
11743,167.9238436272994
11744,9.2595075934133
11745,-587.4956962603294
11746,304.7248094184765
11747,251.4635951168525
11748,-304.0609677452423
11749,108.0433695754604
11750,-218.6718997979021
11751,-105.1301838854362
11752,121.3563310871572
11753,-302.9640413485007
11754,529.6616399285879
11755,-224.5501111509536
11756,688.8598020995779
11757,121.6214084074824
11758,495.8633096373993
11759,-104.8970080032132
11760,-39.4036928277117
11761,-218.4339384089341
11762,-242.0754292376033
11763,328.4691736616511
11764,-121.5706232243741
11765,-351.9613272364564
11766,235.8965433600895
11767,211.8433161338362
11768,581.9859083831246
11769,-187.8168517671767
11770,-88.2035305628131
11771,-121.2631828216142
11772,-682.3449315356836
11773,-61.4559935715819
11774,69.0090413389832
11775,132.8948728469896
11776,41.6468207434632
11777,-513.1698248834675
11778,216.7434409233469
11779,-533.8087878872968
11780,-467.1030650315723
11781,39.6939896551461
11782,178.8448375901788
11783,-255.9126843608316
11784,468.6909720129367
11785,-959.1458675174450
11786,201.8625119158863
11787,-282.5687070757382
11788,-392.4349515666042
11789,-219.6877577980356
11790,169.5930226678125
11791,-21.8956657693372
11792,-242.2799222872567
11793,35.5888607513470
11794,336.4403335300434
11795,-63.3315203300064
11796,-4.4460482737867
11797,-312.3153657145602
11798,14.5814155719425
11799,-258.2235127345508
11800,725.8387913302838
11801,-303.8280646204015
11802,-726.1845220640308
11803,93.4226836944131
11804,92.7979825837212
11805,342.4123292506728
11806,856.1825394344157
11807,-54.8831470621818
11808,-213.1372064142552
11809,-365.0835488849474
11810,-733.4819620034943
11811,-206.0583819357797
11812,-418.2722352600778
11813,358.8044694709531
11814,-260.6223453246695
11815,546.2345722587841
11816,187.4494866560296
11817,-22.0339829007956
11818,88.7305170234143
11819,-243.1384797848777
11820,-41.3796662789560
11821,-543.6240241200903
11822,840.8060354669688
11823,402.8242218186643
11824,79.4207055955005
11825,473.3897942639646
11826,-57.6454900468164
11827,210.1128672724419
11828,-185.7574529011000
11829,22.7691380035859
11830,940.7468340773515
11831,-442.7066678021556
11832,-475.2447822521925
11833,-339.9942839816208
11834,541.6463647301907
11835,333.4990795646740
11836,-765.4962533792757
11837,91.1931891808727
11838,164.4507322896628
11839,274.6128331227384
11840,263.1882538980381
11841,303.6223346767648
11842,-92.1895255379561
11843,208.9737133756830
11844,-170.0341905096146
11845,41.5581963580473
11846,-670.8313651099276
11847,452.6593777040686
11848,741.8102612544455
11849,420.5524115040744
11850,400.3530024481781
11851,-181.6423957556419
11852,162.0463584020052
11853,2.7480936093335
11854,534.6906446334303
11855,145.0593687435125
11856,245.6397735237516
11857,192.7063366360496
11858,486.5739863716470
11859,525.2699999852709
11860,172.0015914277915
11861,342.5619147140179
11862,-338.4488098951223
11863,99.9713350438033
11864,-176.9017178169029
11865,316.4260102039328
11866,-637.4632411206286
11867,74.5333573639017
11868,-319.6093541834506
11869,-234.0735719696340
11870,238.8317632455623
11871,684.2995158543802
11872,-273.3939469063440
11873,229.4938738284957
11874,-191.4280518183521
11875,591.7365509012384
11876,-357.7170769578667
11877,279.3492027993535
11878,16.3853469823745
11879,1015.2321071191620
11880,-44.2476486701167
11881,-259.1203848495992
11882,6.6863125711800
11883,113.4176595002539
11884,164.3690604291060
11885,-219.7909106431461
11886,-50.9121501652260
11887,234.6937848292133
11888,-225.7460471560124
11889,-124.5680611202293
11890,89.3308063458624
11891,-24.0398223211535
11892,949.8138509171473
11893,21.6852932429475
11894,-333.0669156217107
11895,51.6352667711274
11896,-328.7470589180693
11897,-622.2335618237697
11898,-406.8257232673673
11899,-126.3808381615701
11900,-298.3568340444088
11901,-494.6324027328499
11902,579.0223407583984
11903,170.4248951223828
11904,160.4512727890140
11905,-127.5324575092086
11906,116.5126074916414
11907,137.2448368952322
11908,-1.2351263056273
11909,613.2508183966268
11910,435.2344808605941
11911,160.3869671002333
11912,-185.4738897703502
11913,188.6406559940113
11914,-610.5603513173609
11915,23.7146571863997
11916,-97.9046914045956
11917,-120.6134540859719
11918,353.0787173357874
11919,-18.4428875052956
11920,-120.2854689341744
11921,15.3929101038579
11922,185.8069680477445
11923,845.6527630055801
11924,349.4593287705585
11925,45.8926372369664
11926,-7.2379287510021
11927,-164.7161708339602
11928,107.2996369298588
11929,-99.6000997811488
11930,48.6163692693033
11931,41.1997060437065
11932,661.6732170958664
11933,305.9589879497775
11934,500.4110755868318
11935,-231.1609921757443
11936,334.1777324993184
11937,-326.4023426632565
11938,-574.1806195838037
11939,148.5408727094515
11940,613.9878825912878
11941,184.5203674198837
11942,-216.1004672587551
11943,-616.0735283229872
11944,127.4698406742708
11945,-96.8815543927502
11946,-167.7120378439441
11947,-349.9469948861930
11948,6.6148671269270
11949,543.2797064068860
11950,-362.7810314683377
11951,-330.0574194946649
11952,347.0145487363173
11953,526.4307732934470
11954,-69.3425203045700
11955,368.0894293247756
11956,381.7237196417385
11957,345.8528403280833
11958,-204.6898131886204
11959,157.8972183189641
11960,-967.3833642179109
11961,527.9548197579917
11962,-338.8496057859546
11963,609.1811386017552
11964,381.1166205897982
11965,-18.3515832402304
11966,-92.2429183078308
11967,-166.0868655161453
11968,-173.9395994580624
11969,-221.1373420431763
11970,-228.3761224512859
11971,198.0616068094598
11972,-713.0064769343032
11973,-89.6818647418337
11974,-480.0045701677802
11975,-271.7333959227005
11976,565.3236399366715
11977,96.1114826323292
11978,178.6133585696134
11979,-61.1743324547055
11980,-368.6916872400586
11981,4.8477465781779
11982,414.4138213444015
11983,-760.3183167930517
11984,84.9127153268608
11985,-251.8473255202906
11986,280.7075845895200
11987,-391.2502782510767
11988,608.4991171703746
11989,-27.8084606072123
11990,-123.4141192692559
11991,-130.8292441940833
11992,18.5530688926027
11993,-433.1653758772137
11994,-303.7091261164652
11995,464.7152549850791
11996,496.4853344672784
11997,-35.1354094157956
11998,-131.6791845343875
11999,417.2691546213342
